library,module,nid,name_hint,symbol_type,referenced_by
libSceAppContent,libSceAppContentUtil,m47juOmH0VE,,2,eboot.bin
libSceDiscMap,libSceDiscMap,fJgP+wqifno,,2,sce_module/libSceFios2.prx
libSceErrorDialog,libSceErrorDialog,9XAxK2PMwk8,,2,eboot.bin
libSceErrorDialog,libSceErrorDialog,I88KChlynSs,,2,eboot.bin
libSceErrorDialog,libSceErrorDialog,M2ZF-ClLhgY,,2,eboot.bin
libSceErrorDialog,libSceErrorDialog,WWiGuh9XfgQ,,2,eboot.bin
libSceHttp,libSceHttp,DK+GoXCNT04,,2,eboot.bin
libSceHttp,libSceHttp,PDxS48xGQLs,,2,eboot.bin
libSceHttp,libSceHttp,aCYPMSUIaP8,,2,eboot.bin
libSceHttp,libSceHttp,xegFfZKBVlw,,2,eboot.bin
libSceHttp,libSceHttp,yigr4V0-HTM,,2,eboot.bin
libSceLibcInternalExt,libSceLibcInternal,NWtTN10cJzE,,2,sce_module/libc.prx
libSceNetCtl,libSceNetCtl,Z4wwCFiBELQ,,2,eboot.bin
libSceNetCtl,libSceNetCtl,gky0+oaNM4k,,2,eboot.bin
libSceNpManager,libSceNpManager,8Z2Jc5GvGDI,,2,eboot.bin
libSceNpManager,libSceNpManager,JT+t00a3TxA,,2,eboot.bin
libSceNpManager,libSceNpManager,KswxLxk4c1Y,sceNpRegisterGamePresenceCallbackA,2,eboot.bin
libSceNpManager,libSceNpManager,oPO9U42YpgI,,2,eboot.bin
libSceNpManager,libSceNpManager,qQJfO8HAiaY,,2,eboot.bin
libSceNpManager,libSceNpManager,rbknaUjpqWo,,2,eboot.bin
libSceNpTrophy,libSceNpTrophy,E1Wrwd07Lr8,,2,eboot.bin
libSceNpTrophy,libSceNpTrophy,GNcF4oidY0Y,,2,eboot.bin
libSceNpTrophy,libSceNpTrophy,LHuSmO3SLd8,,2,eboot.bin
libScePad,libScePad,RR4novUEENY,scePadSetLightBar,2,eboot.bin
libScePlayGo,libScePlayGo,-RJWNMK3fC8,scePlayGoGetProgress,2,eboot.bin
libScePlayGo,libScePlayGo,LosLlHOpNqQ,scePlayGoSetLanguageMask,2,eboot.bin
libScePlayGo,libScePlayGo,MPe0EeBGM-E,scePlayGoTerminate,2,eboot.bin
libScePlayGo,libScePlayGo,Nn7zKwnA5q0,scePlayGoGetToDoList,2,eboot.bin
libScePlayGo,libScePlayGo,Uco1I0dlDi8,scePlayGoClose,2,eboot.bin
libScePlayGo,libScePlayGo,gUPGiOQ1tmQ,scePlayGoSetToDoList,2,eboot.bin
libScePlayGo,libScePlayGo,v6EZ-YWRdMs,scePlayGoGetEta,2,eboot.bin
libSceSaveDataDialog,libSceSaveDataDialog,yEiJ-qqr6Cg,,2,eboot.bin
libSceSystemService,libSceSystemService,1n37q1Bvc5Y,,2,eboot.bin
libSceSystemService,libSceSystemService,SsC-m-S9JTA,,2,eboot.bin
libSceVideodec,libSceVideodec,U0kpGF1cl90,sceVideodecDeleteDecoder,2,eboot.bin
libSceVideodec,libSceVideodec,f8AgDv-1X8A,sceVideodecReset,2,eboot.bin
libSceVideodec,libSceVideodec,jeigLlKdp5I,sceVideodecFlush,2,eboot.bin
libSceVideodec,libSceVideodec,leCAscipfFY,sceVideodecQueryResourceInfo,2,eboot.bin
libSceVideodec,libSceVideodec,q0W5GJMovMs,sceVideodecDecode,2,eboot.bin
libSceVideodec,libSceVideodec,qkgRiwHyheU,sceVideodecCreateDecoder,2,eboot.bin
libkernel,libkernel,-YTW+qXc3CQ,,2,sce_module/libc.prx
libkernel,libkernel,-o5uEDpN+oY,,2,sce_module/libc.prx
libkernel,libkernel,0NTHN1NKONI,,2,sce_module/libc.prx
libkernel,libkernel,3k6kx-zOOSQ,sceKernelMlock,2,sce_module/libc.prx
libkernel,libkernel,8mql9OcQnd4,,2,eboot.bin
libkernel,libkernel,BPE9s9vQQXo,mmap,2,sce_module/libc.prx
libkernel,libkernel,BpFoboUJoZU,,2,eboot.bin
libkernel,libkernel,Fjc4-n1+y2g,__elf_phdr_match_addr,2,sce_module/libc.prx
libkernel,libkernel,IOnSvHzqu6A,,2,eboot.bin
libkernel,libkernel,JTvBflhYazQ,,2,eboot.bin
libkernel,libkernel,L0v2Go5jOuM,,2,eboot.bin
libkernel,libkernel,RpQJJVKTiFM,,2,sce_module/libc.prx
libkernel,libkernel,WslcK1FQcGI,,2,eboot.bin
libkernel,libkernel,crb5j7mkk1c,_is_signal_return,2,sce_module/libc.prx
libkernel,libkernel,djxxOmW6-aw,__progname,1,sce_module/libc.prx
libkernel,libkernel,f7KBOafysXo,sceKernelGetModuleInfoFromAddr,2,sce_module/libc.prx
libkernel,libkernel,kbw4UHHSYy0,__pthread_cxa_finalize,2,sce_module/libc.prx
libkernel,libkernel,mo0bFmWppIw,sigreturn,2,sce_module/libc.prx
libkernel,libkernel,tZY4+SZNFhA,msync,2,sce_module/libc.prx
